symbol,entry_ts,exit_ts,side,entry_price,exit_price,return,reason
BTCUSDT,2025-01-01T00:00:00+00:00,2025-01-01T00:45:00+00:00,BUY,93651.01,94025.61404,0.0040000000000000036,tp
BTCUSDT,2025-01-01T00:15:00+00:00,2025-01-01T00:45:00+00:00,BUY,93755.8,94130.8232,0.0040000000000000036,tp
BTCUSDT,2025-01-01T00:30:00+00:00,2025-01-01T00:45:00+00:00,BUY,93876.26,94251.76504,0.0040000000000000036,tp
BTCUSDT,2025-01-01T00:45:00+00:00,2025-01-01T00:45:00+00:00,BUY,94393.55,94015.9758,-0.0040000000000000036,sl
BTCUSDT,2025-01-01T01:00:00+00:00,2025-01-01T01:45:00+00:00,BUY,94143.58,93767.00568,-0.0040000000000000036,sl
BTCUSDT,2025-01-01T01:15:00+00:00,2025-01-01T08:15:00+00:00,BUY,93834.98,93459.64008,-0.0040000000000000036,sl
BTCUSDT,2025-01-01T01:30:00+00:00,2025-01-01T04:45:00+00:00,BUY,93924.29,93548.59284,-0.0040000000000000036,sl
BTCUSDT,2025-01-01T01:45:00+00:00,2025-01-01T02:45:00+00:00,BUY,93613.73,93988.18492,0.0040000000000000036,tp
BTCUSDT,2025-01-01T02:00:00+00:00,2025-01-01T08:15:00+00:00,BUY,93800.1,93424.8996,-0.0040000000000000036,sl
BTCUSDT,2025-01-01T02:15:00+00:00,2025-01-01T08:15:00+00:00,BUY,93747.35,93372.3606,-0.004000000000000115,sl
BTCUSDT,2025-01-01T02:30:00+00:00,2025-01-01T04:45:00+00:00,BUY,93935.08,93559.33968,-0.0040000000000000036,sl
BTCUSDT,2025-01-01T02:45:00+00:00,2025-01-01T04:00:00+00:00,BUY,94095.16,93718.77936,-0.0040000000000000036,sl
BTCUSDT,2025-01-01T03:00:00+00:00,2025-01-01T04:45:00+00:00,BUY,93972.55,93596.6598,-0.004000000000000115,sl
BTCUSDT,2025-01-01T03:15:00+00:00,2025-01-01T08:15:00+00:00,BUY,93832.91,93457.57836,-0.0040000000000000036,sl
BTCUSDT,2025-01-06T15:30:00+00:00,2025-01-06T15:45:00+00:00,SELL,101976.62,102384.52648,-0.003984063745019917,sl
BTCUSDT,2025-01-06T15:45:00+00:00,2025-01-06T16:45:00+00:00,SELL,102155.92,101747.29632,0.004016064257028162,tp
BTCUSDT,2025-01-06T16:00:00+00:00,2025-01-06T16:45:00+00:00,SELL,102201.89,101793.08244,0.004016064257028162,tp
BTCUSDT,2025-01-06T16:15:00+00:00,2025-01-06T16:30:00+00:00,SELL,102436.06,102026.31576,0.004016064257028162,tp
BTCUSDT,2025-01-07T11:30:00+00:00,2025-01-07T11:30:00+00:00,BUY,100680.01,101082.73004,0.0040000000000000036,tp
BTCUSDT,2025-01-07T15:00:00+00:00,2025-01-07T15:00:00+00:00,BUY,98606.23,99000.65492,0.0040000000000000036,tp
BTCUSDT,2025-01-07T15:15:00+00:00,2025-01-07T15:30:00+00:00,BUY,98462.5,98068.65,-0.004000000000000115,sl
BTCUSDT,2025-01-07T15:30:00+00:00,2025-01-07T15:30:00+00:00,BUY,97578.85,97969.1654,0.0040000000000000036,tp
BTCUSDT,2025-01-07T15:45:00+00:00,2025-01-07T15:45:00+00:00,BUY,97954.18,97562.36328,-0.0039999999999998925,sl
BTCUSDT,2025-01-07T16:00:00+00:00,2025-01-07T16:30:00+00:00,BUY,97839.32,98230.67728,0.0040000000000000036,tp
BTCUSDT,2025-01-07T17:30:00+00:00,2025-01-07T17:30:00+00:00,BUY,97240.06,96851.09976,-0.0040000000000000036,sl
BTCUSDT,2025-01-07T18:30:00+00:00,2025-01-07T19:30:00+00:00,BUY,96879.79,96492.27084,-0.0040000000000000036,sl
BTCUSDT,2025-01-07T18:45:00+00:00,2025-01-07T19:00:00+00:00,BUY,96759.45,97146.4878,0.0040000000000000036,tp
BTCUSDT,2025-01-13T10:15:00+00:00,2025-01-13T10:15:00+00:00,BUY,92004.4,92372.4176,0.0040000000000000036,tp
BTCUSDT,2025-01-13T10:30:00+00:00,2025-01-13T10:30:00+00:00,BUY,91603.78,91970.19512,0.0040000000000000036,tp
BTCUSDT,2025-01-13T10:45:00+00:00,2025-01-13T11:30:00+00:00,BUY,91635.29,91268.74884,-0.0039999999999998925,sl
BTCUSDT,2025-01-13T11:00:00+00:00,2025-01-13T11:00:00+00:00,BUY,91389.32,91754.87728,0.0040000000000000036,tp
BTCUSDT,2025-01-13T11:15:00+00:00,2025-01-13T11:30:00+00:00,BUY,91464.3,91098.4428,-0.0040000000000000036,sl
BTCUSDT,2025-01-13T11:30:00+00:00,2025-01-13T11:30:00+00:00,BUY,90997.32,91361.30928,0.0040000000000000036,tp
BTCUSDT,2025-01-13T11:45:00+00:00,2025-01-13T11:45:00+00:00,BUY,90855.61,91219.03244,0.0040000000000000036,tp
BTCUSDT,2025-01-13T12:00:00+00:00,2025-01-13T12:00:00+00:00,BUY,90989.67,90625.71132,-0.0040000000000000036,sl
BTCUSDT,2025-01-13T12:15:00+00:00,2025-01-13T12:30:00+00:00,BUY,90844.97,90481.59012,-0.004000000000000115,sl
BTCUSDT,2025-01-13T12:30:00+00:00,2025-01-13T12:30:00+00:00,BUY,90821.18,90457.89528,-0.0040000000000000036,sl
BTCUSDT,2025-01-13T12:45:00+00:00,2025-01-13T13:00:00+00:00,BUY,90746.59,91109.57636,0.0040000000000000036,tp
BTCUSDT,2025-01-17T16:30:00+00:00,2025-01-17T17:15:00+00:00,SELL,104794.16,105213.33664,-0.003984063745019806,sl
BTCUSDT,2025-01-17T16:45:00+00:00,2025-01-17T17:30:00+00:00,SELL,104969.3,104549.4228,0.004016064257028162,tp
BTCUSDT,2025-01-19T23:15:00+00:00,2025-01-19T23:15:00+00:00,BUY,100535.79,100937.93316,0.0040000000000000036,tp
BTCUSDT,2025-01-20T06:45:00+00:00,2025-01-20T06:45:00+00:00,SELL,107514.08,107944.13632,-0.003984063745019917,sl
BTCUSDT,2025-01-20T07:00:00+00:00,2025-01-20T07:00:00+00:00,SELL,109020.0,109456.08,-0.003984063745019917,sl
BTCUSDT,2025-01-20T07:15:00+00:00,2025-01-20T07:15:00+00:00,SELL,108753.37,108318.35652,0.004016064257028162,tp
BTCUSDT,2025-01-26T23:00:00+00:00,2025-01-26T23:00:00+00:00,BUY,103351.39,103764.79556,0.0040000000000000036,tp
BTCUSDT,2025-01-26T23:15:00+00:00,2025-01-26T23:15:00+00:00,BUY,103126.89,102714.38244,-0.0040000000000000036,sl
BTCUSDT,2025-01-26T23:30:00+00:00,2025-01-26T23:45:00+00:00,BUY,102964.43,102552.57228,-0.0040000000000000036,sl
BTCUSDT,2025-01-26T23:45:00+00:00,2025-01-26T23:45:00+00:00,BUY,102608.32,103018.75328,0.0040000000000000036,tp
BTCUSDT,2025-01-27T00:45:00+00:00,2025-01-27T00:45:00+00:00,BUY,101733.85,102140.7854,0.0039999999999997815,tp
BTCUSDT,2025-01-27T01:00:00+00:00,2025-01-27T01:00:00+00:00,BUY,101414.65,101820.3086,0.0040000000000000036,tp
BTCUSDT,2025-01-27T01:45:00+00:00,2025-01-27T01:45:00+00:00,BUY,101295.39,101700.57156,0.0040000000000000036,tp
BTCUSDT,2025-01-27T06:30:00+00:00,2025-01-27T06:30:00+00:00,BUY,99116.48,99512.94592,0.0040000000000000036,tp
BTCUSDT,2025-01-27T06:45:00+00:00,2025-01-27T06:45:00+00:00,BUY,98949.64,99345.43856,0.0040000000000000036,tp
BTCUSDT,2025-01-27T07:00:00+00:00,2025-01-27T07:15:00+00:00,BUY,98968.46,98572.58616,-0.0040000000000000036,sl
BTCUSDT,2025-01-27T07:15:00+00:00,2025-01-27T07:15:00+00:00,BUY,97793.81,98184.98524,0.0040000000000000036,tp
BTCUSDT,2025-01-31T20:30:00+00:00,2025-01-31T20:30:00+00:00,BUY,101846.18,102253.56472,0.0040000000000000036,tp
BTCUSDT,2025-01-31T20:45:00+00:00,2025-01-31T21:45:00+00:00,BUY,101669.57,102076.24828,0.0040000000000000036,tp
BTCUSDT,2025-01-31T21:00:00+00:00,2025-01-31T21:45:00+00:00,BUY,101634.06,102040.59624,0.0040000000000000036,tp
BTCUSDT,2025-01-31T21:15:00+00:00,2025-01-31T21:45:00+00:00,BUY,101595.12,102001.50048,0.0040000000000000036,tp
BTCUSDT,2025-02-02T03:45:00+00:00,2025-02-02T03:45:00+00:00,BUY,99205.97,99602.79388,0.0040000000000000036,tp
BTCUSDT,2025-02-03T19:30:00+00:00,2025-02-03T19:30:00+00:00,SELL,101239.22,100834.26312,0.004016064257028162,tp
BTCUSDT,2025-02-03T19:45:00+00:00,2025-02-03T19:45:00+00:00,SELL,101878.55,101471.0358,0.004016064257028162,tp
BTCUSDT,2025-02-07T14:00:00+00:00,2025-02-07T14:00:00+00:00,SELL,99578.92,99180.60432,0.004016064257028162,tp
BTCUSDT,2025-02-07T14:15:00+00:00,2025-02-07T14:30:00+00:00,SELL,99670.82,99272.13672,0.004016064257028162,tp
BTCUSDT,2025-02-07T14:30:00+00:00,2025-02-07T14:30:00+00:00,SELL,99936.14,99536.39544,0.004016064257028162,tp
BTCUSDT,2025-02-09T13:45:00+00:00,2025-02-09T14:15:00+00:00,BUY,95889.3,96272.8572,0.0040000000000000036,tp
BTCUSDT,2025-02-11T19:15:00+00:00,2025-02-11T19:15:00+00:00,BUY,95042.42,95422.58968,0.0040000000000000036,tp
BTCUSDT,2025-02-11T19:30:00+00:00,2025-02-11T20:30:00+00:00,BUY,95063.44,95443.69376,0.0040000000000000036,tp
BTCUSDT,2025-02-11T19:45:00+00:00,2025-02-11T20:30:00+00:00,BUY,95045.58,95425.76232,0.0040000000000000036,tp
BTCUSDT,2025-02-18T18:30:00+00:00,2025-02-18T19:45:00+00:00,BUY,93743.1,94118.0724,0.0040000000000000036,tp
BTCUSDT,2025-02-23T12:30:00+00:00,2025-02-23T17:00:00+00:00,BUY,95755.18,95372.15928,-0.0039999999999998925,sl
BTCUSDT,2025-02-23T12:45:00+00:00,2025-02-23T17:15:00+00:00,BUY,95713.44,95330.58624,-0.0040000000000000036,sl
BTCUSDT,2025-02-25T00:00:00+00:00,2025-02-25T00:00:00+00:00,BUY,90977.56,91341.47024,0.0040000000000000036,tp
BTCUSDT,2025-02-25T07:15:00+00:00,2025-02-25T07:15:00+00:00,BUY,89351.62,88994.21352,-0.0039999999999998925,sl
BTCUSDT,2025-02-25T07:30:00+00:00,2025-02-25T07:30:00+00:00,BUY,89015.86,88659.79656,-0.0040000000000000036,sl
BTCUSDT,2025-02-26T14:00:00+00:00,2025-02-26T14:00:00+00:00,BUY,86483.04,86828.97216,0.004000000000000226,tp
BTCUSDT,2025-02-26T14:15:00+00:00,2025-02-26T14:15:00+00:00,BUY,85881.54,85538.01384,-0.0039999999999998925,sl
BTCUSDT,2025-02-28T01:45:00+00:00,2025-02-28T01:45:00+00:00,BUY,81635.8,81962.3432,0.0040000000000000036,tp
BTCUSDT,2025-02-28T15:15:00+00:00,2025-02-28T15:15:00+00:00,SELL,84281.23,83944.10508,0.004016064257028162,tp
BTCUSDT,2025-03-02T16:30:00+00:00,2025-03-02T16:30:00+00:00,SELL,91624.71,91258.21116,0.004016064257028162,tp
BTCUSDT,2025-03-02T16:45:00+00:00,2025-03-02T16:45:00+00:00,SELL,91246.18,91611.16472,-0.003984063745020028,sl
BTCUSDT,2025-03-02T17:00:00+00:00,2025-03-02T17:00:00+00:00,SELL,91678.87,91312.15452,0.004016064257028162,tp
BTCUSDT,2025-03-02T17:15:00+00:00,2025-03-02T17:15:00+00:00,SELL,92719.21,92348.33316,0.004016064257028162,tp
BTCUSDT,2025-03-02T17:30:00+00:00,2025-03-02T17:30:00+00:00,SELL,94648.02,94269.42792,0.004016064257028162,tp
BTCUSDT,2025-03-02T17:45:00+00:00,2025-03-02T17:45:00+00:00,SELL,94131.66,94508.18664,-0.003984063745019917,sl
BTCUSDT,2025-03-03T19:45:00+00:00,2025-03-03T19:45:00+00:00,BUY,85576.72,85919.02688,0.0040000000000000036,tp
BTCUSDT,2025-03-03T20:30:00+00:00,2025-03-03T20:30:00+00:00,BUY,85399.18,85740.77672,0.0040000000000000036,tp
BTCUSDT,2025-03-05T10:15:00+00:00,2025-03-05T10:15:00+00:00,SELL,89612.22,89253.77112,0.004016064257028162,tp
BTCUSDT,2025-03-05T10:30:00+00:00,2025-03-05T10:30:00+00:00,SELL,89980.96,90340.88384,-0.003984063745019806,sl
BTCUSDT,2025-03-05T10:45:00+00:00,2025-03-05T11:30:00+00:00,SELL,89927.91,89568.19836,0.004016064257028162,tp
BTCUSDT,2025-03-05T11:00:00+00:00,2025-03-05T12:00:00+00:00,SELL,89916.34,90276.00536,-0.003984063745019917,sl
BTCUSDT,2025-03-05T12:15:00+00:00,2025-03-05T12:30:00+00:00,SELL,90399.99,90761.58996,-0.003984063745019806,sl
BTCUSDT,2025-03-05T12:30:00+00:00,2025-03-05T12:45:00+00:00,SELL,90636.4,90273.8544,0.004016064257028162,tp
BTCUSDT,2025-03-09T10:45:00+00:00,2025-03-09T12:00:00+00:00,BUY,84847.17,84507.78132,-0.0040000000000000036,sl
BTCUSDT,2025-03-09T11:00:00+00:00,2025-03-09T12:00:00+00:00,BUY,84864.05,84524.5938,-0.0040000000000000036,sl
BTCUSDT,2025-03-09T11:15:00+00:00,2025-03-09T12:00:00+00:00,BUY,84822.88,84483.58848,-0.0040000000000000036,sl
BTCUSDT,2025-03-09T12:00:00+00:00,2025-03-09T12:00:00+00:00,BUY,84412.49,84750.13996,0.0040000000000000036,tp
BTCUSDT,2025-03-09T13:45:00+00:00,2025-03-09T13:45:00+00:00,BUY,83500.0,83834.0,0.0040000000000000036,tp
BTCUSDT,2025-03-09T14:00:00+00:00,2025-03-09T14:00:00+00:00,BUY,83106.65,83439.0766,0.0040000000000000036,tp
BTCUSDT,2025-03-13T17:30:00+00:00,2025-03-13T17:30:00+00:00,BUY,80145.67,80466.25268,0.0040000000000000036,tp
BTCUSDT,2025-03-13T17:45:00+00:00,2025-03-13T18:00:00+00:00,BUY,80058.64,80378.87456,0.0040000000000000036,tp
BTCUSDT,2025-03-16T11:15:00+00:00,2025-03-16T11:15:00+00:00,BUY,82857.28,83188.70912,0.0040000000000000036,tp
BTCUSDT,2025-03-16T11:30:00+00:00,2025-03-16T12:15:00+00:00,BUY,82528.03,82858.14212,0.0040000000000000036,tp
BTCUSDT,2025-03-16T11:45:00+00:00,2025-03-16T12:15:00+00:00,BUY,82400.39,82729.99156,0.0040000000000000036,tp
BTCUSDT,2025-03-18T13:30:00+00:00,2025-03-18T13:30:00+00:00,BUY,81399.91,81725.50964,0.0040000000000000036,tp
BTCUSDT,2025-03-18T13:45:00+00:00,2025-03-18T14:30:00+00:00,BUY,81363.43,81688.88372,0.0040000000000000036,tp
BTCUSDT,2025-03-18T14:00:00+00:00,2025-03-18T14:00:00+00:00,BUY,81263.06,81588.11224,0.0040000000000000036,tp
BTCUSDT,2025-03-23T11:15:00+00:00,2025-03-23T15:30:00+00:00,SELL,84909.5,85249.138,-0.003984063745020028,sl
BTCUSDT,2025-03-27T13:15:00+00:00,2025-03-27T13:15:00+00:00,BUY,86331.4,86676.7256,0.004000000000000226,tp
BTCUSDT,2025-03-27T13:30:00+00:00,2025-03-27T13:30:00+00:00,BUY,86025.3,86369.4012,0.0039999999999997815,tp
BTCUSDT,2025-03-28T07:45:00+00:00,2025-03-28T11:00:00+00:00,BUY,85200.0,84859.2,-0.0040000000000000036,sl
BTCUSDT,2025-03-29T11:30:00+00:00,2025-03-29T11:30:00+00:00,BUY,82053.1,82381.3124,0.0039999999999997815,tp
BTCUSDT,2025-04-01T09:45:00+00:00,2025-04-01T11:00:00+00:00,SELL,84355.4,84017.9784,0.00401606425702794,tp
BTCUSDT,2025-04-04T08:15:00+00:00,2025-04-04T10:00:00+00:00,SELL,84400.0,84062.4,0.004016064257028162,tp
BTCUSDT,2025-04-04T08:30:00+00:00,2025-04-04T09:00:00+00:00,SELL,84541.6,84203.4336,0.004016064257028162,tp
BTCUSDT,2025-04-06T17:30:00+00:00,2025-04-06T17:30:00+00:00,BUY,81125.9,81450.4036,0.004000000000000226,tp
BTCUSDT,2025-04-06T17:45:00+00:00,2025-04-06T17:45:00+00:00,BUY,80808.2,81131.4328,0.0040000000000000036,tp
BTCUSDT,2025-04-06T18:00:00+00:00,2025-04-06T18:00:00+00:00,BUY,80299.5,80620.698,0.0040000000000000036,tp
BTCUSDT,2025-04-06T18:15:00+00:00,2025-04-06T18:15:00+00:00,BUY,79697.3,80016.0892,0.0040000000000000036,tp
BTCUSDT,2025-04-06T18:30:00+00:00,2025-04-06T18:30:00+00:00,BUY,79163.4,79480.0536,0.0040000000000000036,tp
BTCUSDT,2025-04-06T18:45:00+00:00,2025-04-06T18:45:00+00:00,BUY,79103.2,78786.7872,-0.0039999999999998925,sl
BTCUSDT,2025-04-06T19:00:00+00:00,2025-04-06T19:00:00+00:00,BUY,79394.3,79076.7228,-0.0040000000000000036,sl
BTCUSDT,2025-04-06T19:15:00+00:00,2025-04-06T19:15:00+00:00,BUY,79509.4,79827.4376,0.004000000000000226,tp
BTCUSDT,2025-04-06T19:30:00+00:00,2025-04-06T19:30:00+00:00,BUY,79511.5,79829.546,0.0040000000000000036,tp
BTCUSDT,2025-04-06T20:30:00+00:00,2025-04-06T20:30:00+00:00,BUY,79229.5,78912.582,-0.004000000000000115,sl
BTCUSDT,2025-04-06T20:45:00+00:00,2025-04-06T20:45:00+00:00,BUY,78865.2,79180.6608,0.0040000000000000036,tp
BTCUSDT,2025-04-06T23:00:00+00:00,2025-04-06T23:00:00+00:00,BUY,77738.3,77427.3468,-0.0040000000000000036,sl
BTCUSDT,2025-04-06T23:15:00+00:00,2025-04-06T23:15:00+00:00,BUY,77420.0,77729.68,0.0040000000000000036,tp
BTCUSDT,2025-04-08T17:15:00+00:00,2025-04-08T17:15:00+00:00,BUY,76657.3,76963.9292,0.0040000000000000036,tp
BTCUSDT,2025-04-09T17:15:00+00:00,2025-04-09T17:15:00+00:00,SELL,80840.5,81163.862,-0.003984063745019806,sl
BTCUSDT,2025-04-09T17:30:00+00:00,2025-04-09T17:30:00+00:00,SELL,80990.3,81314.2612,-0.003984063745019806,sl
BTCUSDT,2025-04-09T17:45:00+00:00,2025-04-09T17:45:00+00:00,SELL,82200.1,81871.2996,0.004016064257028162,tp
BTCUSDT,2025-04-09T18:00:00+00:00,2025-04-09T18:00:00+00:00,SELL,82310.4,81981.1584,0.00401606425702794,tp
BTCUSDT,2025-04-09T18:15:00+00:00,2025-04-09T18:15:00+00:00,SELL,82586.5,82916.846,-0.003984063745020028,sl
BTCUSDT,2025-04-20T09:00:00+00:00,2025-04-20T10:30:00+00:00,BUY,84605.1,84266.6796,-0.0040000000000000036,sl
BTCUSDT,2025-04-20T09:15:00+00:00,2025-04-20T10:30:00+00:00,BUY,84573.6,84235.3056,-0.0040000000000000036,sl
BTCUSDT,2025-04-20T09:30:00+00:00,2025-04-20T10:45:00+00:00,BUY,84487.0,84149.052,-0.0040000000000000036,sl
BTCUSDT,2025-04-20T10:00:00+00:00,2025-04-20T10:45:00+00:00,BUY,84435.0,84097.26,-0.004000000000000115,sl
BTCUSDT,2025-04-20T10:15:00+00:00,2025-04-20T10:45:00+00:00,BUY,84388.0,84050.448,-0.0040000000000000036,sl
BTCUSDT,2025-04-20T10:30:00+00:00,2025-04-20T14:00:00+00:00,BUY,84239.7,84576.6588,0.0040000000000000036,tp
BTCUSDT,2025-04-20T10:45:00+00:00,2025-04-20T14:00:00+00:00,BUY,84174.0,84510.696,0.0040000000000000036,tp
BTCUSDT,2025-04-20T11:00:00+00:00,2025-04-20T14:00:00+00:00,BUY,84212.4,84549.2496,0.0040000000000000036,tp
BTCUSDT,2025-04-20T11:15:00+00:00,2025-04-20T12:15:00+00:00,BUY,84023.7,84359.7948,0.0040000000000000036,tp
BTCUSDT,2025-04-20T11:30:00+00:00,2025-04-20T12:15:00+00:00,BUY,84025.8,84361.9032,0.0040000000000000036,tp
BTCUSDT,2025-04-21T00:15:00+00:00,2025-04-21T00:15:00+00:00,SELL,86219.0,85874.124,0.004016064257028162,tp
BTCUSDT,2025-04-21T00:30:00+00:00,2025-04-21T00:30:00+00:00,SELL,86670.0,86323.32,0.00401606425702794,tp
BTCUSDT,2025-04-21T00:45:00+00:00,2025-04-21T00:45:00+00:00,SELL,86631.3,86977.8252,-0.003984063745019917,sl
BTCUSDT,2025-04-21T01:00:00+00:00,2025-04-21T01:30:00+00:00,SELL,86969.2,87317.0768,-0.003984063745019917,sl
BTCUSDT,2025-04-21T01:15:00+00:00,2025-04-21T01:45:00+00:00,SELL,87100.0,87448.4,-0.003984063745019806,sl
BTCUSDT,2025-04-21T01:30:00+00:00,2025-04-21T02:15:00+00:00,SELL,87270.6,87619.6824,-0.003984063745019917,sl
BTCUSDT,2025-04-21T01:45:00+00:00,2025-04-21T02:15:00+00:00,SELL,87286.3,87635.4452,-0.003984063745019917,sl
BTCUSDT,2025-04-21T02:00:00+00:00,2025-04-21T02:15:00+00:00,SELL,87287.2,87636.3488,-0.003984063745020028,sl
BTCUSDT,2025-04-21T02:15:00+00:00,2025-04-21T05:45:00+00:00,SELL,87380.0,87729.52,-0.003984063745019917,sl
BTCUSDT,2025-04-21T02:30:00+00:00,2025-04-21T03:00:00+00:00,SELL,87172.7,87521.3908,-0.003984063745019917,sl
BTCUSDT,2025-04-21T02:45:00+00:00,2025-04-21T05:45:00+00:00,SELL,87363.3,87712.7532,-0.003984063745019917,sl
BTCUSDT,2025-04-21T03:00:00+00:00,2025-04-21T04:30:00+00:00,SELL,87428.1,87078.3876,0.004016064257028162,tp
BTCUSDT,2025-04-21T03:15:00+00:00,2025-04-21T05:45:00+00:00,SELL,87391.3,87740.8652,-0.003984063745019917,sl
BTCUSDT,2025-04-22T13:30:00+00:00,2025-04-22T13:30:00+00:00,SELL,90167.4,89806.7304,0.00401606425702794,tp
BTCUSDT,2025-04-22T13:45:00+00:00,2025-04-22T14:30:00+00:00,SELL,90239.8,90600.7592,-0.003984063745019917,sl
BTCUSDT,2025-04-22T14:00:00+00:00,2025-04-22T14:00:00+00:00,SELL,90470.0,90108.12,0.004016064257028162,tp
BTCUSDT,2025-04-22T14:30:00+00:00,2025-04-22T14:30:00+00:00,SELL,90678.3,90315.5868,0.004016064257028162,tp
BTCUSDT,2025-04-22T14:45:00+00:00,2025-04-22T15:00:00+00:00,SELL,90791.8,91154.9672,-0.003984063745019917,sl
BTCUSDT,2025-04-22T15:00:00+00:00,2025-04-22T15:00:00+00:00,SELL,91358.1,90992.6676,0.004016064257028162,tp
BTCUSDT,2025-05-01T10:15:00+00:00,2025-05-01T10:15:00+00:00,SELL,96327.9,95942.5884,0.004016064257028162,tp
BTCUSDT,2025-05-04T23:30:00+00:00,2025-05-05T00:15:00+00:00,BUY,94156.8,94533.4272,0.0040000000000000036,tp
BTCUSDT,2025-05-06T23:15:00+00:00,2025-05-06T23:15:00+00:00,SELL,96631.7,96245.1732,0.00401606425702794,tp
BTCUSDT,2025-05-06T23:30:00+00:00,2025-05-06T23:30:00+00:00,SELL,96874.9,96487.4004,0.004016064257028162,tp
BTCUSDT,2025-05-06T23:45:00+00:00,2025-05-07T00:15:00+00:00,SELL,96840.1,97227.4604,-0.003984063745019806,sl
BTCUSDT,2025-05-07T00:00:00+00:00,2025-05-07T00:15:00+00:00,SELL,97015.9,97403.9636,-0.003984063745020028,sl
BTCUSDT,2025-05-07T00:15:00+00:00,2025-05-07T01:00:00+00:00,SELL,97255.0,97644.02,-0.003984063745019917,sl
BTCUSDT,2025-05-07T00:30:00+00:00,2025-05-07T01:00:00+00:00,SELL,97226.7,97615.6068,-0.003984063745019917,sl
BTCUSDT,2025-05-07T00:45:00+00:00,2025-05-07T02:00:00+00:00,SELL,97408.6,97018.9656,0.004016064257028162,tp
BTCUSDT,2025-05-07T01:00:00+00:00,2025-05-07T02:00:00+00:00,SELL,97476.3,97086.3948,0.004016064257028162,tp
BTCUSDT,2025-05-07T01:15:00+00:00,2025-05-07T02:00:00+00:00,SELL,97526.1,97135.9956,0.004016064257028162,tp
BTCUSDT,2025-05-08T03:30:00+00:00,2025-05-08T08:00:00+00:00,SELL,99099.0,99495.396,-0.003984063745019806,sl
BTCUSDT,2025-05-08T03:45:00+00:00,2025-05-08T05:45:00+00:00,SELL,99157.6,98760.9696,0.004016064257028162,tp
BTCUSDT,2025-05-08T04:00:00+00:00,2025-05-08T05:15:00+00:00,SELL,99210.0,98813.16,0.004016064257028162,tp
BTCUSDT,2025-05-08T04:15:00+00:00,2025-05-08T04:45:00+00:00,SELL,99380.0,98982.48,0.004016064257028162,tp
BTCUSDT,2025-05-08T21:15:00+00:00,2025-05-08T21:15:00+00:00,SELL,103310.0,103723.24,-0.003984063745019917,sl
BTCUSDT,2025-05-18T13:45:00+00:00,2025-05-18T13:45:00+00:00,SELL,104735.8,104316.8568,0.004016064257028162,tp
BTCUSDT,2025-05-18T14:30:00+00:00,2025-05-18T15:45:00+00:00,SELL,105205.8,105626.6232,-0.003984063745019917,sl
BTCUSDT,2025-05-18T14:45:00+00:00,2025-05-18T16:45:00+00:00,SELL,105278.3,105699.4132,-0.003984063745019806,sl
BTCUSDT,2025-05-18T15:30:00+00:00,2025-05-18T16:45:00+00:00,SELL,105454.1,105875.9164,-0.003984063745019917,sl
BTCUSDT,2025-05-18T15:45:00+00:00,2025-05-18T16:45:00+00:00,SELL,105523.7,105945.7948,-0.003984063745020028,sl
BTCUSDT,2025-05-18T16:45:00+00:00,2025-05-18T17:30:00+00:00,SELL,105816.9,105393.6324,0.00401606425702794,tp
BTCUSDT,2025-05-18T17:00:00+00:00,2025-05-18T17:30:00+00:00,SELL,105818.0,105394.728,0.004016064257028162,tp
BTCUSDT,2025-05-21T14:45:00+00:00,2025-05-21T14:45:00+00:00,SELL,109063.3,108627.0468,0.004016064257028162,tp
BTCUSDT,2025-05-21T16:30:00+00:00,2025-05-21T16:30:00+00:00,SELL,109521.7,109083.6132,0.00401606425702794,tp
BTCUSDT,2025-05-23T11:45:00+00:00,2025-05-23T11:45:00+00:00,BUY,109089.9,109526.2596,0.0040000000000000036,tp
BTCUSDT,2025-05-23T12:00:00+00:00,2025-05-23T12:00:00+00:00,BUY,108148.0,108580.592,0.0040000000000000036,tp
BTCUSDT,2025-05-24T23:30:00+00:00,2025-05-24T23:30:00+00:00,BUY,107739.9,108170.8596,0.0040000000000000036,tp
BTCUSDT,2025-05-28T15:00:00+00:00,2025-05-28T15:00:00+00:00,BUY,107150.1,107578.7004,0.0040000000000000036,tp
BTCUSDT,2025-05-29T17:30:00+00:00,2025-05-29T17:30:00+00:00,BUY,106147.5,106572.09,0.0040000000000000036,tp
BTCUSDT,2025-06-05T20:30:00+00:00,2025-06-05T20:30:00+00:00,BUY,100850.2,101253.6008,0.0040000000000000036,tp
BTCUSDT,2025-06-05T20:45:00+00:00,2025-06-05T20:45:00+00:00,BUY,100497.0,100898.988,0.0040000000000000036,tp
BTCUSDT,2025-06-05T21:00:00+00:00,2025-06-05T21:00:00+00:00,BUY,100489.1,100891.0564,0.0040000000000000036,tp
BTCUSDT,2025-06-09T09:30:00+00:00,2025-06-09T09:30:00+00:00,SELL,106633.4,106206.8664,0.004016064257028162,tp
BTCUSDT,2025-06-09T09:45:00+00:00,2025-06-09T10:00:00+00:00,SELL,106628.2,107054.7128,-0.003984063745019917,sl
BTCUSDT,2025-06-09T10:00:00+00:00,2025-06-09T10:00:00+00:00,SELL,107190.8,106762.0368,0.004016064257028162,tp
BTCUSDT,2025-06-09T10:15:00+00:00,2025-06-09T11:15:00+00:00,SELL,107131.9,107560.4276,-0.003984063745019917,sl
BTCUSDT,2025-06-09T10:30:00+00:00,2025-06-09T11:30:00+00:00,SELL,107232.1,107661.0284,-0.003984063745019806,sl
BTCUSDT,2025-06-09T10:45:00+00:00,2025-06-09T11:30:00+00:00,SELL,107198.2,107626.9928,-0.003984063745020028,sl
BTCUSDT,2025-06-09T11:00:00+00:00,2025-06-09T12:30:00+00:00,SELL,107445.8,107875.5832,-0.003984063745019806,sl
BTCUSDT,2025-06-09T11:15:00+00:00,2025-06-09T12:30:00+00:00,SELL,107429.2,107858.9168,-0.003984063745020028,sl
BTCUSDT,2025-06-09T11:30:00+00:00,2025-06-09T13:30:00+00:00,SELL,107737.3,107306.3508,0.004016064257028162,tp
BTCUSDT,2025-06-09T11:45:00+00:00,2025-06-09T13:30:00+00:00,SELL,107765.8,107334.7368,0.004016064257028162,tp
BTCUSDT,2025-06-09T12:30:00+00:00,2025-06-09T13:15:00+00:00,SELL,107924.0,107492.304,0.004016064257028162,tp
BTCUSDT,2025-06-09T21:15:00+00:00,2025-06-09T21:15:00+00:00,SELL,110500.0,110058.0,0.004016064257028162,tp
BTCUSDT,2025-06-13T01:00:00+00:00,2025-06-13T01:00:00+00:00,BUY,102893.0,103304.572,0.0040000000000000036,tp
BTCUSDT,2025-06-16T19:15:00+00:00,2025-06-16T22:30:00+00:00,SELL,108760.5,108325.458,0.004016064257028162,tp
BTCUSDT,2025-06-20T07:45:00+00:00,2025-06-20T08:00:00+00:00,SELL,105815.0,106238.26,-0.003984063745019917,sl
BTCUSDT,2025-06-20T08:00:00+00:00,2025-06-20T08:00:00+00:00,SELL,106252.1,105827.0916,0.004016064257028162,tp
BTCUSDT,2025-06-20T08:15:00+00:00,2025-06-20T08:30:00+00:00,SELL,106411.1,105985.4556,0.004016064257028162,tp
BTCUSDT,2025-06-20T14:45:00+00:00,2025-06-20T14:45:00+00:00,BUY,103914.7,104330.3588,0.0040000000000000036,tp
BTCUSDT,2025-06-20T17:15:00+00:00,2025-06-20T17:15:00+00:00,BUY,102945.1,103356.8804,0.0039999999999997815,tp
BTCUSDT,2025-06-20T17:30:00+00:00,2025-06-20T17:30:00+00:00,BUY,102881.1,102469.5756,-0.004000000000000115,sl
BTCUSDT,2025-06-21T19:45:00+00:00,2025-06-21T20:30:00+00:00,BUY,102255.9,102664.9236,0.0040000000000000036,tp
BTCUSDT,2025-06-22T13:30:00+00:00,2025-06-22T13:30:00+00:00,BUY,100352.9,100754.3116,0.0040000000000000036,tp
BTCUSDT,2025-06-22T14:15:00+00:00,2025-06-22T14:15:00+00:00,BUY,99546.1,99944.2844,0.0040000000000000036,tp
BTCUSDT,2025-06-22T14:30:00+00:00,2025-06-22T14:30:00+00:00,BUY,99145.1,99541.6804,0.0040000000000000036,tp
BTCUSDT,2025-06-23T22:15:00+00:00,2025-06-23T22:15:00+00:00,SELL,105984.2,105560.2632,0.004016064257028162,tp
BTCUSDT,2025-06-29T09:00:00+00:00,2025-06-29T10:00:00+00:00,SELL,107731.6,108162.5264,-0.003984063745019917,sl
BTCUSDT,2025-06-29T09:15:00+00:00,2025-06-29T10:15:00+00:00,SELL,107793.3,108224.4732,-0.003984063745019806,sl
BTCUSDT,2025-06-29T09:30:00+00:00,2025-06-29T11:45:00+00:00,SELL,107906.4,108338.0256,-0.003984063745019917,sl
BTCUSDT,2025-06-29T09:45:00+00:00,2025-06-29T11:45:00+00:00,SELL,107884.5,108316.038,-0.003984063745019917,sl
BTCUSDT,2025-06-29T10:00:00+00:00,2025-06-29T15:45:00+00:00,SELL,108138.8,107706.2448,0.004016064257028162,tp
BTCUSDT,2025-06-29T10:15:00+00:00,2025-06-29T15:45:00+00:00,SELL,108123.7,107691.2052,0.004016064257028162,tp
BTCUSDT,2025-06-29T11:45:00+00:00,2025-06-29T12:30:00+00:00,SELL,108466.6,108032.7336,0.004016064257028162,tp
BTCUSDT,2025-07-02T06:45:00+00:00,2025-07-02T08:15:00+00:00,SELL,107018.8,107446.8752,-0.003984063745019806,sl
BTCUSDT,2025-07-02T08:00:00+00:00,2025-07-02T10:45:00+00:00,SELL,107384.0,107813.536,-0.003984063745019806,sl
BTCUSDT,2025-07-02T08:15:00+00:00,2025-07-02T12:30:00+00:00,SELL,107638.9,107208.3444,0.00401606425702794,tp
BTCUSDT,2025-07-02T08:30:00+00:00,2025-07-02T12:15:00+00:00,SELL,107671.4,107240.7144,0.004016064257028162,tp
BTCUSDT,2025-07-02T08:45:00+00:00,2025-07-02T12:15:00+00:00,SELL,107736.7,107305.7532,0.00401606425702794,tp
BTCUSDT,2025-07-02T10:45:00+00:00,2025-07-02T11:45:00+00:00,SELL,107834.8,107403.4608,0.004016064257028162,tp
BTCUSDT,2025-07-02T16:00:00+00:00,2025-07-02T16:00:00+00:00,SELL,109422.3,108984.6108,0.004016064257028162,tp
BTCUSDT,2025-07-04T13:45:00+00:00,2025-07-04T14:15:00+00:00,BUY,107973.7,107541.8052,-0.0040000000000000036,sl
BTCUSDT,2025-07-04T14:00:00+00:00,2025-07-04T19:15:00+00:00,BUY,107742.6,107311.6296,-0.0040000000000000036,sl
BTCUSDT,2025-07-06T13:30:00+00:00,2025-07-06T21:15:00+00:00,SELL,108690.4,109125.1616,-0.003984063745020028,sl
BTCUSDT,2025-07-06T13:45:00+00:00,2025-07-06T18:45:00+00:00,SELL,108780.0,108344.88,0.004016064257028162,tp
BTCUSDT,2025-07-06T14:00:00+00:00,2025-07-06T18:45:00+00:00,SELL,108813.7,108378.4452,0.004016064257028162,tp
BTCUSDT,2025-07-06T14:15:00+00:00,2025-07-06T18:30:00+00:00,SELL,108910.1,108474.4596,0.004016064257028162,tp
BTCUSDT,2025-07-09T12:15:00+00:00,2025-07-09T14:15:00+00:00,SELL,109510.9,109072.8564,0.00401606425702794,tp
BTCUSDT,2025-07-09T19:30:00+00:00,2025-07-09T19:30:00+00:00,SELL,111396.4,110950.8144,0.00401606425702794,tp
BTCUSDT,2025-07-09T19:45:00+00:00,2025-07-09T19:45:00+00:00,SELL,111755.8,111308.7768,0.004016064257028162,tp
BTCUSDT,2025-07-10T17:00:00+00:00,2025-07-10T17:00:00+00:00,SELL,113447.9,112994.1084,0.004016064257028162,tp
BTCUSDT,2025-07-10T17:15:00+00:00,2025-07-10T18:45:00+00:00,SELL,113449.3,112995.5028,0.004016064257028162,tp
BTCUSDT,2025-07-10T17:30:00+00:00,2025-07-10T18:15:00+00:00,SELL,113625.7,113171.1972,0.004016064257028162,tp
BTCUSDT,2025-07-10T17:45:00+00:00,2025-07-10T18:15:00+00:00,SELL,113731.5,113276.574,0.004016064257028162,tp
BTCUSDT,2025-07-10T21:15:00+00:00,2025-07-10T21:15:00+00:00,SELL,115723.0,116185.892,-0.003984063745020028,sl
BTCUSDT,2025-07-10T21:30:00+00:00,2025-07-10T21:30:00+00:00,SELL,116282.8,116747.9312,-0.003984063745019917,sl
BTCUSDT,2025-07-10T21:45:00+00:00,2025-07-10T21:45:00+00:00,SELL,116470.5,116004.618,0.004016064257028162,tp
BTCUSDT,2025-07-11T05:30:00+00:00,2025-07-11T05:30:00+00:00,SELL,117958.0,117486.168,0.004016064257028162,tp
BTCUSDT,2025-07-11T06:15:00+00:00,2025-07-11T06:45:00+00:00,SELL,118140.7,117668.1372,0.004016064257028162,tp
BTCUSDT,2025-07-13T14:15:00+00:00,2025-07-13T14:15:00+00:00,SELL,119163.9,118687.2444,0.004016064257028162,tp
BTCUSDT,2025-07-14T03:30:00+00:00,2025-07-14T03:30:00+00:00,SELL,121182.0,120697.272,0.004016064257028162,tp
BTCUSDT,2025-07-14T05:15:00+00:00,2025-07-14T05:15:00+00:00,SELL,122307.7,121818.4692,0.00401606425702794,tp
BTCUSDT,2025-07-14T05:30:00+00:00,2025-07-14T07:30:00+00:00,SELL,122294.9,122784.0796,-0.003984063745019917,sl
BTCUSDT,2025-07-14T05:45:00+00:00,2025-07-14T05:45:00+00:00,SELL,122454.5,121964.682,0.004016064257028162,tp
BTCUSDT,2025-07-25T02:00:00+00:00,2025-07-25T02:30:00+00:00,BUY,117188.0,116719.248,-0.0039999999999998925,sl
BTCUSDT,2025-07-25T02:15:00+00:00,2025-07-25T02:30:00+00:00,BUY,117100.0,116631.6,-0.0040000000000000036,sl
BTCUSDT,2025-07-25T02:30:00+00:00,2025-07-25T02:30:00+00:00,BUY,116619.9,117086.3796,0.0040000000000000036,tp
BTCUSDT,2025-07-25T02:45:00+00:00,2025-07-25T03:00:00+00:00,BUY,116350.1,115884.6996,-0.0040000000000000036,sl
BTCUSDT,2025-07-25T03:00:00+00:00,2025-07-25T03:30:00+00:00,BUY,116204.4,115739.5824,-0.0040000000000000036,sl
BTCUSDT,2025-07-25T03:15:00+00:00,2025-07-25T03:30:00+00:00,BUY,116026.1,115561.9956,-0.004000000000000115,sl
BTCUSDT,2025-07-25T03:30:00+00:00,2025-07-25T03:30:00+00:00,BUY,115391.0,115852.564,0.0040000000000000036,tp
BTCUSDT,2025-07-25T03:45:00+00:00,2025-07-25T04:30:00+00:00,BUY,115396.7,115858.2868,0.0040000000000000036,tp
BTCUSDT,2025-07-25T04:00:00+00:00,2025-07-25T04:30:00+00:00,BUY,115197.8,115658.5912,0.0040000000000000036,tp
BTCUSDT,2025-07-25T04:15:00+00:00,2025-07-25T04:30:00+00:00,BUY,115273.8,115734.8952,0.0040000000000000036,tp
BTCUSDT,2025-07-27T16:15:00+00:00,2025-07-27T17:15:00+00:00,SELL,119367.2,118889.7312,0.004016064257028162,tp
BTCUSDT,2025-08-07T10:30:00+00:00,2025-08-07T10:30:00+00:00,SELL,116385.9,115920.3564,0.00401606425702794,tp
BTCUSDT,2025-08-07T10:45:00+00:00,2025-08-07T11:15:00+00:00,SELL,116333.2,116798.5328,-0.003984063745019917,sl
BTCUSDT,2025-08-07T11:00:00+00:00,2025-08-07T16:45:00+00:00,SELL,116468.0,116002.128,0.004016064257028162,tp
BTCUSDT,2025-08-07T11:15:00+00:00,2025-08-07T12:00:00+00:00,SELL,116800.3,116333.0988,0.004016064257028162,tp
BTCUSDT,2025-08-10T03:00:00+00:00,2025-08-10T03:00:00+00:00,SELL,117900.0,117428.4,0.004016064257028162,tp
BTCUSDT,2025-08-10T03:15:00+00:00,2025-08-10T03:15:00+00:00,SELL,118370.4,117896.9184,0.004016064257028162,tp
BTCUSDT,2025-08-10T03:30:00+00:00,2025-08-10T04:00:00+00:00,SELL,118213.4,118686.2536,-0.003984063745019917,sl
BTCUSDT,2025-08-10T03:45:00+00:00,2025-08-10T05:15:00+00:00,SELL,118499.9,118025.9004,0.004016064257028162,tp
BTCUSDT,2025-08-10T04:00:00+00:00,2025-08-10T05:15:00+00:00,SELL,118716.0,118241.136,0.004016064257028162,tp
BTCUSDT,2025-08-10T04:15:00+00:00,2025-08-10T05:15:00+00:00,SELL,118637.7,118163.1492,0.004016064257028162,tp
BTCUSDT,2025-08-11T02:00:00+00:00,2025-08-11T02:00:00+00:00,SELL,121251.6,120766.5936,0.004016064257028162,tp
BTCUSDT,2025-08-11T02:15:00+00:00,2025-08-11T02:15:00+00:00,SELL,121484.1,120998.1636,0.004016064257028162,tp
BTCUSDT,2025-08-11T02:30:00+00:00,2025-08-11T05:00:00+00:00,SELL,121729.9,122216.8196,-0.003984063745020028,sl
BTCUSDT,2025-08-11T02:45:00+00:00,2025-08-11T08:00:00+00:00,SELL,121857.7,121370.2692,0.004016064257028162,tp
BTCUSDT,2025-08-11T03:00:00+00:00,2025-08-11T07:45:00+00:00,SELL,121981.7,121493.7732,0.004016064257028162,tp
BTCUSDT,2025-08-11T03:15:00+00:00,2025-08-11T05:00:00+00:00,SELL,121747.1,122234.0884,-0.003984063745019806,sl
BTCUSDT,2025-08-11T04:45:00+00:00,2025-08-11T07:45:00+00:00,SELL,122072.1,121583.8116,0.004016064257028162,tp
BTCUSDT,2025-08-11T05:00:00+00:00,2025-08-11T07:30:00+00:00,SELL,122263.6,121774.5456,0.004016064257028162,tp
BTCUSDT,2025-08-14T12:45:00+00:00,2025-08-14T12:45:00+00:00,BUY,118852.4,119327.8096,0.0040000000000000036,tp
BTCUSDT,2025-08-14T13:15:00+00:00,2025-08-14T13:15:00+00:00,BUY,118233.5,118706.434,0.0040000000000000036,tp
BTCUSDT,2025-08-14T13:30:00+00:00,2025-08-14T13:30:00+00:00,BUY,118268.2,117795.1272,-0.0040000000000000036,sl
BTCUSDT,2025-08-15T15:30:00+00:00,2025-08-15T15:30:00+00:00,BUY,116842.2,117309.5688,0.0040000000000000036,tp
BTCUSDT,2025-08-17T05:00:00+00:00,2025-08-17T17:15:00+00:00,SELL,118175.7,117702.9972,0.004016064257028162,tp
BTCUSDT,2025-08-18T01:45:00+00:00,2025-08-18T02:15:00+00:00,BUY,116287.1,115821.9516,-0.0040000000000000036,sl
BTCUSDT,2025-08-18T02:00:00+00:00,2025-08-18T02:45:00+00:00,BUY,116001.8,115537.7928,-0.004000000000000115,sl
BTCUSDT,2025-08-18T02:15:00+00:00,2025-08-18T02:45:00+00:00,BUY,115800.1,115336.8996,-0.0040000000000000036,sl
BTCUSDT,2025-08-18T02:30:00+00:00,2025-08-18T02:45:00+00:00,BUY,115911.2,115447.5552,-0.0040000000000000036,sl
BTCUSDT,2025-08-18T02:45:00+00:00,2025-08-18T02:45:00+00:00,BUY,115450.4,115912.2016,0.0040000000000000036,tp
BTCUSDT,2025-08-18T03:00:00+00:00,2025-08-18T03:45:00+00:00,BUY,115477.1,115015.1916,-0.0040000000000000036,sl
BTCUSDT,2025-08-18T03:15:00+00:00,2025-08-18T06:30:00+00:00,BUY,115367.8,114906.3288,-0.0040000000000000036,sl
BTCUSDT,2025-08-18T03:30:00+00:00,2025-08-18T05:00:00+00:00,BUY,115165.1,115625.7604,0.0040000000000000036,tp
BTCUSDT,2025-08-22T14:00:00+00:00,2025-08-22T14:00:00+00:00,SELL,115201.6,114740.7936,0.004016064257028162,tp
BTCUSDT,2025-08-22T14:15:00+00:00,2025-08-22T14:15:00+00:00,SELL,115191.8,115652.5672,-0.003984063745019917,sl
BTCUSDT,2025-08-22T14:30:00+00:00,2025-08-22T14:30:00+00:00,SELL,115783.2,115320.0672,0.00401606425702794,tp
BTCUSDT,2025-08-22T14:45:00+00:00,2025-08-22T15:00:00+00:00,SELL,115797.4,116260.5896,-0.003984063745020028,sl
BTCUSDT,2025-08-22T15:00:00+00:00,2025-08-22T15:00:00+00:00,SELL,116635.8,116169.2568,0.004016064257028162,tp
BTCUSDT,2025-08-22T15:15:00+00:00,2025-08-22T15:45:00+00:00,SELL,116717.2,117184.0688,-0.003984063745019917,sl
BTCUSDT,2025-08-22T15:30:00+00:00,2025-08-22T15:45:00+00:00,SELL,116943.6,116475.8256,0.004016064257028162,tp
BTCUSDT,2025-08-24T20:00:00+00:00,2025-08-24T20:00:00+00:00,BUY,112156.7,111708.0732,-0.0040000000000000036,sl
BTCUSDT,2025-08-29T08:45:00+00:00,2025-08-29T11:00:00+00:00,BUY,109619.1,110057.5764,0.0040000000000000036,tp
BTCUSDT,2025-08-29T09:00:00+00:00,2025-08-29T10:15:00+00:00,BUY,109559.2,109997.4368,0.0040000000000000036,tp
BTCUSDT,2025-08-29T14:45:00+00:00,2025-08-29T14:45:00+00:00,BUY,108210.3,108643.1412,0.0040000000000000036,tp
BTCUSDT,2025-09-05T07:15:00+00:00,2025-09-05T09:15:00+00:00,SELL,112710.2,112259.3592,0.00401606425702794,tp
BTCUSDT,2025-09-05T07:30:00+00:00,2025-09-05T09:15:00+00:00,SELL,112773.1,112322.0076,0.004016064257028162,tp
BTCUSDT,2025-09-05T07:45:00+00:00,2025-09-05T09:00:00+00:00,SELL,112946.7,112494.9132,0.004016064257028162,tp
BTCUSDT,2025-09-06T17:30:00+00:00,2025-09-07T01:00:00+00:00,BUY,110002.6,110442.6104,0.0040000000000000036,tp
BTCUSDT,2025-09-10T08:00:00+00:00,2025-09-10T08:45:00+00:00,SELL,112799.9,112348.7004,0.00401606425702794,tp
BTCUSDT,2025-09-10T13:00:00+00:00,2025-09-10T13:45:00+00:00,SELL,113709.0,114163.836,-0.003984063745019917,sl
BTCUSDT,2025-09-10T13:30:00+00:00,2025-09-10T13:30:00+00:00,SELL,113989.3,113533.3428,0.004016064257028162,tp
BTCUSDT,2025-09-10T13:45:00+00:00,2025-09-10T17:15:00+00:00,SELL,113948.6,113492.8056,0.004016064257028162,tp
BTCUSDT,2025-09-10T14:00:00+00:00,2025-09-10T17:15:00+00:00,SELL,114013.0,113556.948,0.004016064257028162,tp
BTCUSDT,2025-09-10T14:15:00+00:00,2025-09-10T16:30:00+00:00,SELL,114058.8,113602.5648,0.004016064257028162,tp
BTCUSDT,2025-09-10T14:30:00+00:00,2025-09-10T16:30:00+00:00,SELL,114064.8,113608.5408,0.004016064257028162,tp
BTCUSDT,2025-09-12T00:15:00+00:00,2025-09-12T00:45:00+00:00,SELL,115782.7,116245.8308,-0.003984063745019917,sl
BTCUSDT,2025-09-12T00:30:00+00:00,2025-09-12T01:30:00+00:00,SELL,115992.1,115528.1316,0.004016064257028162,tp
BTCUSDT,2025-09-19T15:00:00+00:00,2025-09-19T16:00:00+00:00,BUY,115513.9,115975.9556,0.0040000000000000036,tp
BTCUSDT,2025-09-22T06:15:00+00:00,2025-09-22T09:15:00+00:00,BUY,112800.2,112348.9992,-0.0039999999999998925,sl
BTCUSDT,2025-09-28T22:15:00+00:00,2025-09-28T23:00:00+00:00,SELL,111737.3,112184.2492,-0.003984063745019917,sl
BTCUSDT,2025-09-28T22:30:00+00:00,2025-09-29T08:45:00+00:00,SELL,111910.4,112358.0416,-0.003984063745019917,sl
BTCUSDT,2025-09-28T22:45:00+00:00,2025-09-29T08:45:00+00:00,SELL,111937.9,112385.6516,-0.003984063745019917,sl
BTCUSDT,2025-09-28T23:00:00+00:00,2025-09-29T02:30:00+00:00,SELL,112106.5,111658.074,0.004016064257028162,tp
BTCUSDT,2025-09-28T23:15:00+00:00,2025-09-29T02:30:00+00:00,SELL,112106.5,111658.074,0.004016064257028162,tp
BTCUSDT,2025-09-28T23:30:00+00:00,2025-09-29T01:45:00+00:00,SELL,112247.7,111798.7092,0.004016064257028162,tp
BTCUSDT,2025-09-28T23:45:00+00:00,2025-09-29T02:00:00+00:00,SELL,112176.0,111727.296,0.004016064257028162,tp
BTCUSDT,2025-09-29T00:15:00+00:00,2025-09-29T01:45:00+00:00,SELL,112204.0,111755.184,0.004016064257028162,tp
BTCUSDT,2025-09-29T14:30:00+00:00,2025-09-29T16:45:00+00:00,SELL,114084.1,113627.7636,0.004016064257028162,tp
BTCUSDT,2025-09-30T09:30:00+00:00,2025-09-30T13:30:00+00:00,BUY,112976.8,113428.7072,0.0040000000000000036,tp
BTCUSDT,2025-09-30T09:45:00+00:00,2025-09-30T12:30:00+00:00,BUY,112781.5,113232.626,0.0040000000000000036,tp
BTCUSDT,2025-10-01T08:45:00+00:00,2025-10-01T08:45:00+00:00,SELL,116114.7,116579.1588,-0.003984063745020028,sl
BTCUSDT,2025-10-01T09:00:00+00:00,2025-10-01T11:45:00+00:00,SELL,116239.2,116704.1568,-0.003984063745019917,sl
BTCUSDT,2025-10-01T09:15:00+00:00,2025-10-01T11:45:00+00:00,SELL,116235.1,116700.0404,-0.003984063745019806,sl
BTCUSDT,2025-10-01T09:30:00+00:00,2025-10-01T12:00:00+00:00,SELL,116378.5,116844.014,-0.003984063745019917,sl
BTCUSDT,2025-10-01T09:45:00+00:00,2025-10-01T12:15:00+00:00,SELL,116410.9,116876.5436,-0.003984063745020028,sl
BTCUSDT,2025-10-01T11:45:00+00:00,2025-10-01T14:00:00+00:00,SELL,116774.6,117241.6984,-0.003984063745019806,sl
BTCUSDT,2025-10-03T15:45:00+00:00,2025-10-03T15:45:00+00:00,SELL,122270.8,121781.7168,0.004016064257028162,tp
BTCUSDT,2025-10-03T16:00:00+00:00,2025-10-03T16:00:00+00:00,SELL,123109.5,122617.062,0.004016064257028162,tp
BTCUSDT,2025-10-03T16:15:00+00:00,2025-10-03T16:15:00+00:00,SELL,123655.4,123160.7784,0.004016064257028162,tp
BTCUSDT,2025-10-03T16:30:00+00:00,2025-10-03T16:45:00+00:00,SELL,123785.5,123290.358,0.004016064257028162,tp
BTCUSDT,2025-10-05T02:30:00+00:00,2025-10-05T02:30:00+00:00,SELL,123669.2,124163.8768,-0.003984063745019917,sl
BTCUSDT,2025-10-05T02:45:00+00:00,2025-10-05T03:15:00+00:00,SELL,124032.1,123535.9716,0.004016064257028162,tp
BTCUSDT,2025-10-05T04:45:00+00:00,2025-10-05T04:45:00+00:00,SELL,125210.8,125711.6432,-0.003984063745019917,sl
BTCUSDT,2025-10-05T05:00:00+00:00,2025-10-05T07:30:00+00:00,SELL,125195.7,124694.9172,0.004016064257028162,tp
BTCUSDT,2025-10-05T05:15:00+00:00,2025-10-05T06:15:00+00:00,SELL,125390.7,124889.1372,0.004016064257028162,tp
BTCUSDT,2025-10-07T15:00:00+00:00,2025-10-07T15:00:00+00:00,BUY,121948.4,122436.1936,0.0040000000000000036,tp
BTCUSDT,2025-10-07T16:15:00+00:00,2025-10-07T16:15:00+00:00,BUY,121169.8,121654.4792,0.0040000000000000036,tp
BTCUSDT,2025-10-10T17:00:00+00:00,2025-10-10T17:00:00+00:00,BUY,117904.6,118376.2184,0.0040000000000000036,tp
BTCUSDT,2025-10-10T18:45:00+00:00,2025-10-10T19:00:00+00:00,BUY,117220.0,116751.12,-0.0040000000000000036,sl
BTCUSDT,2025-10-10T19:00:00+00:00,2025-10-10T19:00:00+00:00,BUY,116814.1,117281.3564,0.0040000000000000036,tp
BTCUSDT,2025-10-10T19:15:00+00:00,2025-10-10T19:15:00+00:00,BUY,116023.1,116487.1924,0.0040000000000000036,tp
BTCUSDT,2025-10-10T20:45:00+00:00,2025-10-10T20:45:00+00:00,BUY,114283.8,113826.6648,-0.0040000000000000036,sl
BTCUSDT,2025-10-10T21:00:00+00:00,2025-10-10T21:00:00+00:00,BUY,112234.2,111785.2632,-0.0040000000000000036,sl
BTCUSDT,2025-10-10T21:15:00+00:00,2025-10-10T21:15:00+00:00,BUY,108407.2,107973.5712,-0.0039999999999998925,sl
BTCUSDT,2025-10-14T02:30:00+00:00,2025-10-14T03:00:00+00:00,BUY,113845.3,113389.9188,-0.0040000000000000036,sl
BTCUSDT,2025-10-14T02:45:00+00:00,2025-10-14T04:30:00+00:00,BUY,113625.1,113170.5996,-0.0040000000000000036,sl
BTCUSDT,2025-10-14T03:00:00+00:00,2025-10-14T04:45:00+00:00,BUY,113494.5,113040.522,-0.0040000000000000036,sl
BTCUSDT,2025-10-14T03:15:00+00:00,2025-10-14T04:45:00+00:00,BUY,113321.3,112868.0148,-0.0040000000000000036,sl
BTCUSDT,2025-10-14T04:30:00+00:00,2025-10-14T05:00:00+00:00,BUY,113153.9,113606.5156,0.0040000000000000036,tp
BTCUSDT,2025-10-14T04:45:00+00:00,2025-10-14T05:00:00+00:00,BUY,113055.3,113507.5212,0.0040000000000000036,tp
BTCUSDT,2025-10-14T06:30:00+00:00,2025-10-14T06:30:00+00:00,BUY,111841.4,112288.7656,0.0040000000000000036,tp
BTCUSDT,2025-10-14T10:15:00+00:00,2025-10-14T10:15:00+00:00,BUY,110360.3,110801.7412,0.0040000000000000036,tp
BTCUSDT,2025-10-14T10:30:00+00:00,2025-10-14T11:00:00+00:00,BUY,110367.9,110809.3716,0.0040000000000000036,tp
BTCUSDT,2025-10-17T07:00:00+00:00,2025-10-17T07:00:00+00:00,BUY,106244.3,106669.2772,0.0040000000000000036,tp
BTCUSDT,2025-10-17T07:15:00+00:00,2025-10-17T07:30:00+00:00,BUY,106294.6,105869.4216,-0.0040000000000000036,sl
BTCUSDT,2025-10-17T07:30:00+00:00,2025-10-17T07:30:00+00:00,BUY,105734.4,106157.3376,0.0040000000000000036,tp
BTCUSDT,2025-10-17T07:45:00+00:00,2025-10-17T08:00:00+00:00,BUY,105611.5,105189.054,-0.0040000000000000036,sl
BTCUSDT,2025-10-17T08:00:00+00:00,2025-10-17T08:00:00+00:00,BUY,105133.0,105553.532,0.0040000000000000036,tp
BTCUSDT,2025-10-17T08:15:00+00:00,2025-10-17T08:15:00+00:00,BUY,105175.4,104754.6984,-0.0040000000000000036,sl
BTCUSDT,2025-10-17T08:30:00+00:00,2025-10-17T08:30:00+00:00,BUY,105063.5,105483.754,0.0040000000000000036,tp
BTCUSDT,2025-10-17T08:45:00+00:00,2025-10-17T09:00:00+00:00,BUY,104872.0,105291.488,0.0040000000000000036,tp
BTCUSDT,2025-10-17T09:45:00+00:00,2025-10-17T09:45:00+00:00,BUY,104529.1,104947.2164,0.0040000000000000036,tp
BTCUSDT,2025-10-17T10:00:00+00:00,2025-10-17T10:15:00+00:00,BUY,104639.6,104221.0416,-0.004000000000000115,sl
BTCUSDT,2025-10-17T10:15:00+00:00,2025-10-17T10:15:00+00:00,BUY,104009.8,103593.7608,-0.0040000000000000036,sl
BTCUSDT,2025-10-20T06:00:00+00:00,2025-10-20T08:30:00+00:00,SELL,111166.2,111610.8648,-0.003984063745019917,sl
BTCUSDT,2025-10-21T04:00:00+00:00,2025-10-21T04:00:00+00:00,BUY,108301.5,108734.706,0.0040000000000000036,tp
BTCUSDT,2025-10-21T04:15:00+00:00,2025-10-21T04:45:00+00:00,BUY,108232.2,107799.2712,-0.0039999999999998925,sl
BTCUSDT,2025-10-21T04:30:00+00:00,2025-10-21T10:45:00+00:00,BUY,107888.3,108319.8532,0.0040000000000000036,tp
BTCUSDT,2025-10-21T04:45:00+00:00,2025-10-21T10:45:00+00:00,BUY,107786.4,108217.5456,0.0040000000000000036,tp
BTCUSDT,2025-10-21T05:00:00+00:00,2025-10-21T06:15:00+00:00,BUY,107715.1,108145.9604,0.0040000000000000036,tp
BTCUSDT,2025-10-21T05:15:00+00:00,2025-10-21T10:45:00+00:00,BUY,107895.2,108326.7808,0.0040000000000000036,tp
BTCUSDT,2025-10-21T05:30:00+00:00,2025-10-21T06:15:00+00:00,BUY,107697.7,108128.4908,0.0040000000000000036,tp
BTCUSDT,2025-10-21T05:45:00+00:00,2025-10-21T06:15:00+00:00,BUY,107544.5,107974.678,0.0040000000000000036,tp
BTCUSDT,2025-10-21T14:45:00+00:00,2025-10-21T14:45:00+00:00,SELL,112199.9,111751.1004,0.004016064257028162,tp
BTCUSDT,2025-10-21T15:00:00+00:00,2025-10-21T15:00:00+00:00,SELL,112412.0,112861.648,-0.003984063745019917,sl
BTCUSDT,2025-10-21T15:15:00+00:00,2025-10-21T15:15:00+00:00,SELL,112992.9,112540.9284,0.00401606425702794,tp
BTCUSDT,2025-10-21T15:30:00+00:00,2025-10-21T15:30:00+00:00,SELL,113357.8,112904.3688,0.004016064257028162,tp
BTCUSDT,2025-10-21T15:45:00+00:00,2025-10-21T16:15:00+00:00,SELL,113439.0,113892.756,-0.003984063745019917,sl
BTCUSDT,2025-10-21T16:00:00+00:00,2025-10-21T16:30:00+00:00,SELL,113544.5,113998.678,-0.003984063745019917,sl
BTCUSDT,2025-10-21T16:15:00+00:00,2025-10-21T16:45:00+00:00,SELL,113683.5,113228.766,0.004016064257028162,tp
BTCUSDT,2025-10-21T16:30:00+00:00,2025-10-21T16:30:00+00:00,SELL,113462.0,113915.848,-0.003984063745019917,sl
BTCUSDT,2025-10-26T09:15:00+00:00,2025-10-26T09:15:00+00:00,SELL,112680.3,112229.5788,0.004016064257028162,tp
BTCUSDT,2025-10-26T12:00:00+00:00,2025-10-26T12:00:00+00:00,SELL,113741.6,113286.6336,0.004016064257028162,tp
BTCUSDT,2025-10-28T14:00:00+00:00,2025-10-28T14:00:00+00:00,SELL,115798.2,115335.0072,0.004016064257028162,tp
BTCUSDT,2025-10-28T14:15:00+00:00,2025-10-28T14:30:00+00:00,SELL,115924.0,115460.304,0.004016064257028162,tp
BTCUSDT,2025-10-30T13:30:00+00:00,2025-10-30T13:30:00+00:00,BUY,107471.6,107901.4864,0.0040000000000000036,tp
BTCUSDT,2025-11-04T18:00:00+00:00,2025-11-04T18:15:00+00:00,BUY,100814.6,100411.3416,-0.004000000000000115,sl
BTCUSDT,2025-11-04T18:15:00+00:00,2025-11-04T18:15:00+00:00,BUY,100700.3,100297.4988,-0.0040000000000000036,sl
BTCUSDT,2025-11-09T14:15:00+00:00,2025-11-09T14:15:00+00:00,SELL,103886.1,103470.5556,0.004016064257028162,tp
BTCUSDT,2025-11-12T15:45:00+00:00,2025-11-12T15:45:00+00:00,BUY,102159.6,102568.2384,0.0040000000000000036,tp
BTCUSDT,2025-11-12T16:00:00+00:00,2025-11-12T16:00:00+00:00,BUY,101514.0,101920.056,0.0040000000000000036,tp
BTCUSDT,2025-11-12T16:45:00+00:00,2025-11-12T17:30:00+00:00,BUY,101439.8,101845.5592,0.0040000000000000036,tp
BTCUSDT,2025-11-13T18:00:00+00:00,2025-11-13T18:00:00+00:00,BUY,99375.7,99773.2028,0.0040000000000000036,tp
BTCUSDT,2025-11-13T18:15:00+00:00,2025-11-13T18:15:00+00:00,BUY,99092.8,99489.1712,0.0040000000000000036,tp
BTCUSDT,2025-11-13T18:30:00+00:00,2025-11-13T18:30:00+00:00,BUY,98662.1,98267.4516,-0.0040000000000000036,sl
BTCUSDT,2025-11-13T18:45:00+00:00,2025-11-13T18:45:00+00:00,BUY,98584.1,98189.7636,-0.0040000000000000036,sl
BTCUSDT,2025-11-13T19:00:00+00:00,2025-11-13T19:15:00+00:00,BUY,98689.6,99084.3584,0.0040000000000000036,tp
BTCUSDT,2025-11-19T05:30:00+00:00,2025-11-19T05:30:00+00:00,BUY,90345.3,90706.6812,0.0040000000000000036,tp
BTCUSDT,2025-11-20T16:30:00+00:00,2025-11-20T16:30:00+00:00,BUY,88219.6,88572.4784,0.0040000000000000036,tp
BTCUSDT,2025-11-20T16:45:00+00:00,2025-11-20T16:45:00+00:00,BUY,87885.5,87533.958,-0.0040000000000000036,sl
BTCUSDT,2025-11-20T17:00:00+00:00,2025-11-20T17:00:00+00:00,BUY,87055.6,87403.8224,0.0040000000000000036,tp
BTCUSDT,2025-11-20T17:15:00+00:00,2025-11-20T17:30:00+00:00,BUY,87135.1,86786.5596,-0.004000000000000115,sl
BTCUSDT,2025-11-20T17:30:00+00:00,2025-11-20T17:30:00+00:00,BUY,86754.3,86407.2828,-0.0040000000000000036,sl
BTCUSDT,2025-11-21T09:30:00+00:00,2025-11-21T09:30:00+00:00,BUY,82650.1,82980.7004,0.0040000000000000036,tp
BTCUSDT,2025-11-21T09:45:00+00:00,2025-11-21T09:45:00+00:00,BUY,82212.5,82541.35,0.0040000000000000036,tp
BTCUSDT,2025-11-21T10:00:00+00:00,2025-11-21T10:00:00+00:00,BUY,82108.6,81780.1656,-0.004000000000000115,sl
BTCUSDT,2025-11-21T10:15:00+00:00,2025-11-21T10:15:00+00:00,BUY,82055.0,81726.78,-0.0040000000000000036,sl
